{"cameraMode":{"drawMode":1,"name":"Wireframe","section":"Shading Mode"},"sceneLighting":true,"audioPlay":false,"sceneViewState":{"showFog":true,"showMaterialUpdate":false,"showSkybox":true,"showFlares":true,"showImageEffects":true,"showParticleSystems":true},"in2DMode":false,"pivot":{"x":244.33847045898438,"y":491.2382507324219,"z":496.1604309082031},"rotation":{"x":-0.17272040247917176,"y":-0.3550471067428589,"z":0.06692922115325928,"w":-0.9163144826889038},"size":3.5994982719421388,"orthographic":false}